<?xml version="1.0" encoding="UTF-8"?>
<orders>
    <order id="1001" date="2023-05-15" status="în procesare">
        <client>
            <name>Popescu Ion</name>
            <email>ion@popescu.com</email>
        </client>
        <items>
            <product id="5" quantity="1">Telefon Model X</product>
            <product id="7" quantity="2">Carcasă protectie</product>
        </items>
        <total>199.99</total>
    </order>

    <order id="1743708823" date="2025-04-03" status="în procesare">
        <client>
            <name>user1</name>
            <email>user1@example.com</email>
            <phone>---</phone>
        </client>
        <shipping>
            <address>Str. Zorilor 25, București</address>
            <method>Curier rapid</method>
        </shipping>
        <items>
            <product id="67ec771c41c2c" quantity="2" price="5">lamaie</product>
        </items>
        <total>10.00</total>
    </order>
</orders>
