<?xml version="1.0" encoding="UTF-8"?>
<products>
  <product id="67eee996cb904">
    <name>portocale</name>
    <price>2</price>
    <category>Altele</category>
    <stock>100</stock>
    <description>proaspete</description>
    <image>assets/products/67eee996c65c6.jpg</image>
  </product>
  <product id="67eee9c89145d">
    <name>lamaie</name>
    <price>4</price>
    <category>Altele</category>
    <stock>100</stock>
    <description>proaspete</description>
    <image>assets/products/67eee9c88e7cc.jpg</image>
  </product>
</products>
